index,ipc,cpu energy,dram energy,total energy
1,0.7422641515731812,138781811.0,3918264.0,142700075.0
2,0.7092854976654053,253175011.0,6986189.0,260161200.0
