learning rate,ipc,cycles,accuracy
0.01,1.0063603165742194,9849180032,0.9649122953414917
0.001,1.0478455569533867,9362036969,0.9736841917037964
0.0001,1.0463486785598626,9369666547,0.9736841917037964
1e-05,1.03480271071721,9474862337,0.5526315569877625
