regularization type,ipc,cycles,accuracies
none_0.001,1.0415772027929227,13815808530,0.9824561476707458
l1_0.001,1.0439709648787978,13886237195,0.9912280440330505
l2_0.001,1.0417680950373704,13876022296,0.9824561476707458
l1_l2_0.001,1.0426918166893198,13983114032,0.9824561476707458
